{
    "1": {
        "type": "st",
        "storey": [
            0.0,
            2.8,
            5.6,
            8.4
        ],
        "location": [
            [
                -11.275,
                -29.0943
            ],
            [
                -11.275,
                21.6057
            ]
        ],
        "ids": [
            "077J_0ta51hugdHT2BRmYg",
            "077J_0ta51hugdHT2BRmZ8",
            "077J_0ta51hugdHT2BRmZK",
            "077J_0ta51hugdHT2BRmZU",
            "077J_0ta51hugdHT2BRmZc",
            "077J_0ta51hugdHT2BRmiS",
            "3CKcKqTvn4HfzkxejvLIC2",
            "3CKcKqTvn4HfzkxejvLIC4",
            "3CKcKqTvn4HfzkxejvLIC5",
            "3CKcKqTvn4HfzkxejvLIC7",
            "3CKcKqTvn4HfzkxejvLICG",
            "3CKcKqTvn4HfzkxejvLICH",
            "3CKcKqTvn4HfzkxejvLICJ",
            "3CKcKqTvn4HfzkxejvLICU",
            "39FP0lS$zALu3m0xsLwo20",
            "39FP0lS$zALu3m0xsLwo6s",
            "39FP0lS$zALu3m0xsLwowE",
            "0jb8eFbOz4vvgas21Oapu5",
            "0jb8eFbOz4vvgas21Oam3k",
            "39FP0lS$zALu3m0xsLwo3Q",
            "39FP0lS$zALu3m0xsLwo4F",
            "0jb8eFbOz4vvgas21Oapu9",
            "0jb8eFbOz4vvgas21Oap_$",
            "0jb8eFbOz4vvgas21OapuB",
            "39FP0lS$zALu3m0xsLwo5k",
            "0jb8eFbOz4vvgas21OapuA",
            "0jb8eFbOz4vvgas21Oap_u",
            "0jb8eFbOz4vvgas21Oapu6",
            "0jb8eFbOz4vvgas21Oap__",
            "0jb8eFbOz4vvgas21Oap_v",
            "39FP0lS$zALu3m0xsLwoDU",
            "0jb8eFbOz4vvgas21Oapu7",
            "0jb8eFbOz4vvgas21Oapu4",
            "0jb8eFbOz4vvgas21Oam3i",
            "0jb8eFbOz4vvgas21Oap_w"
        ],
        "neighbor": {
            "0.0": {
                "3": -3.8499999999999996,
                "4": 3.8499999999999988
            },
            "2.8": {
                "3": -3.8499999999999996,
                "4": 3.8499999999999988
            },
            "5.6": {
                "3": -3.8499999999999996,
                "4": 3.8499999999999988
            },
            "8.4": {
                "3": -3.8499999999999996,
                "4": 3.8499999999999988
            }
        }
    },
    "2": {
        "type": "st",
        "storey": [
            0.0,
            2.8,
            5.6,
            8.4
        ],
        "location": [
            [
                -23.775,
                -9.3943
            ],
            [
                7.925,
                -9.3943
            ]
        ],
        "ids": [
            "1TW_MCuuDEFQ7YnNpWf0NP",
            "2XKb1C04L7Hg387s4uLUMK",
            "2XKb1C04L7Hg387s4uLUSj",
            "1WfLsIUJ53H8znRZLr8CQG",
            "1WfLsIUJ53H8znRZLr8CRS",
            "2XKb1C04L7Hg387s4uLUSP",
            "1WfLsIUJ53H8znRZLr8CTI",
            "2XKb1C04L7Hg387s4uLUGN"
        ],
        "neighbor": {
            "0.0": {
                "9": -5.289999999999999,
                "16": 4.149999999999999
            },
            "2.8": {
                "9": -5.289999999999999,
                "16": 4.149999999999999
            },
            "5.6": {
                "9": -5.289999999999999,
                "10": 5.550000000000001
            },
            "8.4": {
                "9": -5.289999999999999
            }
        }
    },
    "3": {
        "type": "st",
        "storey": [
            0.0,
            2.8,
            5.6,
            8.4
        ],
        "location": [
            [
                -15.125,
                -29.0943
            ],
            [
                -15.125,
                21.6057
            ]
        ],
        "ids": [
            "39FP0lS$zALu3m0xsLwous",
            "39FP0lS$zALu3m0xsLwoys",
            "0jb8eFbOz4vvgas21Oapu0",
            "0jb8eFbOz4vvgas21Oapu2",
            "2XKb1C04L7Hg387s4uLUS3",
            "2mDwRDJ2rAZ97BjK8_ptjn",
            "2XKb1C04L7Hg387s4uLUSK",
            "2XKb1C04L7Hg387s4uLUSe"
        ],
        "neighbor": {
            "0.0": {
                "17": -3.6500000000000004,
                "1": 3.8499999999999996
            },
            "2.8": {
                "17": -3.6500000000000004,
                "1": 3.8499999999999996
            },
            "5.6": {
                "1": 3.8499999999999996
            },
            "8.4": {
                "1": 3.8499999999999996
            }
        }
    },
    "4": {
        "type": "st",
        "storey": [
            0.0,
            2.8,
            5.6,
            8.4
        ],
        "location": [
            [
                -7.425,
                -29.0943
            ],
            [
                -7.425,
                21.6057
            ]
        ],
        "ids": [
            "2mDwRDJ2rAZ97BjK8_ptek",
            "3sJ8WXWuP64BInpF0mpRh8",
            "3sJ8WXWuP64BInpF0mpRhP",
            "39FP0lS$zALu3m0xsLwon7",
            "0jb8eFbOz4vvgas21Oapu3",
            "3sJ8WXWuP64BInpF0mpRhg"
        ],
        "neighbor": {
            "0.0": {
                "1": -3.8499999999999988,
                "15": 3.6500000000000004
            },
            "2.8": {
                "1": -3.8499999999999988,
                "15": 3.6500000000000004
            },
            "5.6": {
                "1": -3.8499999999999988,
                "15": 3.6500000000000004
            },
            "8.4": {
                "1": -3.8499999999999988
            }
        }
    },
    "5": {
        "type": "st",
        "storey": [
            0.0,
            2.8,
            5.6,
            8.4
        ],
        "location": [
            [
                -23.775,
                16.6057
            ],
            [
                7.925,
                16.6057
            ]
        ],
        "ids": [
            "01UdVf6rf25fFBdF4RrSsb",
            "2XKb1C04L7Hg387s4uLUSa",
            "2XKb1C04L7Hg387s4uLUSG",
            "2XKb1C04L7Hg387s4uLUS$"
        ],
        "neighbor": {
            "0.0": {
                "6": 5.289999999999999
            },
            "2.8": {
                "6": 5.289999999999999
            },
            "5.6": {
                "6": 5.289999999999999
            },
            "8.4": {
                "6": 5.289999999999999
            }
        }
    },
    "6": {
        "type": "st",
        "storey": [
            0.0,
            2.8,
            5.6,
            8.4
        ],
        "location": [
            [
                -23.775,
                11.3157
            ],
            [
                7.925,
                11.3157
            ]
        ],
        "ids": [
            "0jb8eFbOz4vvgas21Oam3p",
            "39FP0lS$zALu3m0xsLwoEX",
            "0jb8eFbOz4vvgas21Oap_z",
            "0jb8eFbOz4vvgas21Oapu8"
        ],
        "neighbor": {
            "0.0": {
                "5": -5.289999999999999,
                "7": 5.140000000000001
            },
            "2.8": {
                "5": -5.289999999999999,
                "7": 5.140000000000001
            },
            "5.6": {
                "5": -5.289999999999999,
                "7": 5.140000000000001
            },
            "8.4": {
                "5": -5.289999999999999,
                "7": 5.140000000000001
            }
        }
    },
    "7": {
        "type": "st",
        "storey": [
            0.0,
            2.8,
            5.6,
            8.4
        ],
        "location": [
            [
                -23.775,
                6.1757
            ],
            [
                7.925,
                6.1757
            ]
        ],
        "ids": [
            "0jb8eFbOz4vvgas21Oap_y",
            "0jb8eFbOz4vvgas21Oam3o",
            "39FP0lS$zALu3m0xsLwoFo",
            "0jb8eFbOz4vvgas21OapuF"
        ],
        "neighbor": {
            "0.0": {
                "6": -5.140000000000001,
                "8": 5.139999999999999
            },
            "2.8": {
                "6": -5.140000000000001,