{
    "1": {
        "type": "st",
        "storey": [
            0.0,
            2.0
        ],
        "location": [
            [
                -4.9041,
                -9.1699
            ],
            [
                -4.9041,
                10.2838
            ]
        ],
        "ids": [
            "1o$2R6fy96U9wrIAaq_SJv",
            "1o$2R6fy96U9wrIAaq_SKZ",
            "1uojon9L51$vPQiBW8WJRM",
            "1uojon9L51$vPQiBW8WJRu",
            "1uojon9L51$vPQiBW8WJRy",
            "2A6dwRkFnCkh_xUifk5cH0",
            "1uojon9L51$vPQiBW8WJR9",
            "2A6dwRkFnCkh_xUifk5cy2",
            "2A6dwRkFnCkh_xUifk5cwS",
            "2jrax7dkP1bAz0GnWDLZfM",
            "1uojon9L51$vPQiBW8WJQl",
            "1uojon9L51$vPQiBW8WJR8"
        ],
        "neighbor": {
            "0.0": {
                "3": -2.5371999999999995,
                "4": 2.7404000000000006
            },
            "2.0": {
                "3": -2.5371999999999995,
                "4": 2.7404000000000006
            }
        }
    },
    "2": {
        "type": "st",
        "storey": [
            0.0,
            2.0
        ],
        "location": [
            [
                -15.9587,
                2.3191
            ],
            [
                7.5071,
                2.3191
            ]
        ],
        "ids": [
            "1o$2R6fy96U9wrIAaq_SId",
            "1o$2R6fy96U9wrIAaq_SJE",
            "1o$2R6fy96U9wrIAaq_SKZ",
            "1uojon9L51$vPQiBW8WJRK",
            "1uojon9L51$vPQiBW8WJR_",
            "1uojon9L51$vPQiBW8WJRm",
            "1uojon9L51$vPQiBW8WJRu",
            "2A6dwRkFnCkh_xUifk5cRv",
            "2A6dwRkFnCkh_xUifk5dRX",
            "1uojon9L51$vPQiBW8WJR6"
        ],
        "neighbor": {
            "0.0": {
                "15": -1.475,
                "7": 2.0353
            },
            "2.0": {
                "15": -1.475,
                "7": 2.0353
            }
        }
    },
    "3": {
        "type": "st",
        "storey": [
            0.0,
            2.0
        ],
        "location": [
            [
                -7.4413,
                -9.1699
            ],
            [
                -7.4413,
                10.2838
            ]
        ],
        "ids": [
            "1o$2R6fy96U9wrIAaq_SIy",
            "1o$2R6fy96U9wrIAaq_SUf",
            "1uojon9L51$vPQiBW8WJRU",
            "1uojon9L51$vPQiBW8WJRo",
            "1uojon9L51$vPQiBW8WJRq",
            "3iuT6Wwh90oAwYv4bDlQNC",
            "2A6dwRkFnCkh_xUifk5d16",
            "1uojon9L51$vPQiBW8WJR3"
        ],
        "neighbor": {
            "0.0": {
                "13": -1.3173999999999992,
                "1": 2.5371999999999995
            },
            "2.0": {
                "13": -1.3173999999999992,
                "1": 2.5371999999999995
            }
        }
    },
    "4": {
        "type": "st",
        "storey": [
            0.0,
            2.0
        ],
        "location": [
            [
                -2.1637,
                -9.1699
            ],
            [
                -2.1637,
                10.2838
            ]
        ],
        "ids": [
            "1o$2R6fy96U9wrIAaq_SId",
            "1o$2R6fy96U9wrIAaq_SKM",
            "1uojon9L51$vPQiBW8WJRm",
            "1uojon9L51$vPQiBW8WJRw",
            "3iuT6Wwh90oAwYv4bDlQxD",
            "2jrax7dkP1bAz0GnWDLZhj",
            "1uojon9L51$vPQiBW8WJQk",
            "1uojon9L51$vPQiBW8WJRV"
        ],
        "neighbor": {
            "0.0": {
                "1": -2.7404000000000006,
                "6": 2.2380999999999998
            },
            "2.0": {
                "1": -2.7404000000000006,
                "6": 2.2380999999999998
            }
        }
    },
    "5": {
        "type": "st",
        "storey": [
            0.0,
            2.0
        ],
        "location": [
            [
                -15.9587,
                -1.6278
            ],
            [
                7.5071,
                -1.6278
            ]
        ],
        "ids": [
            "1o$2R6fy96U9wrIAaq_SJv",
            "1o$2R6fy96U9wrIAaq_SKM",
            "1uojon9L51$vPQiBW8WJRD",
            "1uojon9L51$vPQiBW8WJRI",
            "1uojon9L51$vPQiBW8WJRw",
            "1uojon9L51$vPQiBW8WJRy",
            "2A6dwRkFnCkh_xUifk5c47",
            "2A6dwRkFnCkh_xUifk5csq"
        ],
        "neighbor": {
            "0.0": {
                "7": -1.9115999999999997,
                "9": 1.4221000000000004
            },
            "2.0": {
                "7": -1.9115999999999997,
                "9": 1.4221000000000004
            }
        }
    },
    "6": {
        "type": "st",
        "storey": [
            0.0,
            2.0
        ],
        "location": [
            [
                0.0744,
                -9.1699
            ],
            [
                0.0744,
                10.2838
            ]
        ],
        "ids": [
            "1o$2R6fy96U9wrIAaq_SJE",
            "1uojon9L51$vPQiBW8WJRD",
            "1uojon9L51$vPQiBW8WJR_",
            "2A6dwRkFnCkh_xUifk5csq"
        ],
        "neighbor": {
            "0.0": {
                "4": -2.2380999999999998,
                "11": 1.6327000000000005
            },
            "2.0": {
                "4": -2.2380999999999998,
                "11": 1.6327000000000005
            }
        }
    },
    "7": {
        "type": "st",
        "storey": [
            0.0,
            2.0
        ],
        "location": [
            [
                -15.9587,
                0.2838
            ],
            [
                7.5071,
                0.2838
            ]
        ],
        "ids": [
            "1uojon9L51$vPQiBW8WJRM",
            "1uojon9L51$vPQiBW8WJRU",
            "2A6dwRkFnCkh_xUifk5cH0",
            "3iuT6Wwh90oAwYv4bDlQNC"
        ],
        "neighbor": {
            "0.0": {
                "2": -2.0353,
                "5": 1.9115999999999997
            },
            "2.0": {
                "2": -2.0353,
                "5": 1.9115999999999997
            }
        }
    },
    "8": {
        "type": "st",
        "storey": [
            0.0,
            2.0
        ],
        "location": [
            [
                -9.7313,
                -9.1699
            ],
            [
                -9.7313,
                10.2838
            ]
        ],
        "ids": [
            "1uojon9L51$vPQiBW8WJRI",
            "1uojon9L51$vPQiBW8WJRK",
            "2A6dwRkFnCkh_xUifk5c47",
            "2A6dwRkFnCkh_xUifk5cRv"
        ],
        "neighbor": {
            "0.0": {
                "12": -1.2274000000000012,
                "13": 0.9726000000000017
            },
            "2.0": {
                "12": -1.2274000000000012,
                "13": 0.9726000000000017
            }
        }
    },
    "9": {
        "type": "st",
        "storey": [
            0.0,
            2.0
        ],
        "location": [
            [
                -15.9587,
                -3.0499
            ],
            [
                7.5071,
                -3.0499
            ]
        ],
        "ids": [
            "1uojon9L51$vPQiBW8WJRE",
            "1uojon9L51$vPQiBW8WJR0",
            "2A6dwRkFnCkh_xUifk5d9B",
            "2A6dwRkFnCkh_xUifk5crQ"
        ],
        "neighbor": {
            "0.0": {
                "5": -1.4221000000000004,
                "16": 1.12
            },
            "2.0": {
                "5": -1.4221000000000004,
                "16": 1.12
            }
        }
    },
    "10": {
        "type": "st",
        "storey": [
            0.0,
            2.0
        ],
        "location": [
            [
                2.5071,
                -9.1699
            ],
            [
                2.5071,
                10.2838
            ]
        ],
        "ids": [
            "2A6dwRkFnCkh_xUifk5d6X",
            "1uojon9L51$vPQiBW8WJR5"
        ],