{
    "1": {
        "type": "st",
        "storey": [
            0.0,
            2.0
        ],
        "location": [
            [
                -15.9587,
                2.3191
            ],
            [
                7.5071,
                2.3191
            ]
        ],
        "ids": [
            "1o$2R6fy96U9wrIAaq_SId",
            "1o$2R6fy96U9wrIAaq_SJE",
            "1o$2R6fy96U9wrIAaq_SKZ",
            "1uojon9L51$vPQiBW8WJRK",
            "1uojon9L51$vPQiBW8WJR_",
            "1uojon9L51$vPQiBW8WJRm",
            "1uojon9L51$vPQiBW8WJRu",
            "2A6dwRkFnCkh_xUifk5cRv",
            "2A6dwRkFnCkh_xUifk5dRX",
            "1uojon9L51$vPQiBW8WJR6"
        ],
        "neighbor": {
            "0.0": {
                "11": -1.475,
                "2": 3.9468999999999994
            },
            "2.0": {
                "11": -1.475,
                "2": 3.9468999999999994
            }
        }
    },
    "2": {
        "type": "st",
        "storey": [
            0.0,
            2.0
        ],
        "location": [
            [
                -15.9587,
                -1.6278
            ],
            [
                7.5071,
                -1.6278
            ]
        ],
        "ids": [
            "1o$2R6fy96U9wrIAaq_SJv",
            "1o$2R6fy96U9wrIAaq_SKM",
            "1uojon9L51$vPQiBW8WJRD",
            "1uojon9L51$vPQiBW8WJRI",
            "1uojon9L51$vPQiBW8WJRw",
            "1uojon9L51$vPQiBW8WJRy",
            "2A6dwRkFnCkh_xUifk5c47",
            "2A6dwRkFnCkh_xUifk5csq"
        ],
        "neighbor": {
            "0.0": {
                "1": -3.9468999999999994,
                "3": 1.4221000000000004
            },
            "2.0": {
                "1": -3.9468999999999994,
                "3": 1.4221000000000004
            }
        }
    },
    "3": {
        "type": "st",
        "storey": [
            0.0,
            2.0
        ],
        "location": [
            [
                -15.9587,
                -3.0499
            ],
            [
                7.5071,
                -3.0499
            ]
        ],
        "ids": [
            "1uojon9L51$vPQiBW8WJR0",
            "2A6dwRkFnCkh_xUifk5d9B",
            "1uojon9L51$vPQiBW8WJRE",
            "2A6dwRkFnCkh_xUifk5crQ"
        ],
        "neighbor": {
            "0.0": {
                "2": -1.4221000000000004,
                "12": 1.12
            },
            "2.0": {
                "2": -1.4221000000000004,
                "12": 1.12
            }
        }
    },
    "4": {
        "type": "st",
        "storey": [
            0.0,
            2.0
        ],
        "location": [
            [
                2.5071,
                -9.1699
            ],
            [
                2.5071,
                10.2838
            ]
        ],
        "ids": [
            "1uojon9L51$vPQiBW8WJR5",
            "2A6dwRkFnCkh_xUifk5d6X"
        ],
        "neighbor": {
            "0.0": {
                "6": -0.7999999999999994
            },
            "2.0": {
                "6": -0.7999999999999994
            }
        }
    },
    "5": {
        "type": "st",
        "storey": [
            0.0,
            2.0
        ],
        "location": [
            [
                -7.4144,
                -9.1699
            ],
            [
                -7.4144,
                10.2838
            ]
        ],
        "ids": [
            "1uojon9L51$vPQiBW8WJR3",
            "2A6dwRkFnCkh_xUifk5d16"
        ],
        "neighbor": {
            "0.0": {
                "8": -1.3442999999999987,
                "9": 2.6624000000000008
            },
            "2.0": {
                "8": -1.3442999999999987,
                "9": 2.6624000000000008
            }
        }
    },
    "6": {
        "type": "st",
        "storey": [
            0.0,
            2.0
        ],
        "location": [
            [
                1.7071,
                -9.1699
            ],
            [
                1.7071,
                10.2838
            ]
        ],
        "ids": [
            "2A6dwRkFnCkh_xUifk5dC0",
            "1uojon9L51$vPQiBW8WJR1"
        ],
        "neighbor": {
            "0.0": {
                "9": -6.4591,
                "4": 0.7999999999999994
            },
            "2.0": {
                "9": -6.4591,
                "4": 0.7999999999999994
            }
        }
    },
    "7": {
        "type": "st",
        "storey": [
            0.0,
            2.0
        ],
        "location": [
            [
                -10.9587,
                -9.1699
            ],
            [
                -10.9587,
                10.2838
            ]
        ],
        "ids": [
            "1uojon9L51$vPQiBW8WJRF",
            "2A6dwRkFnCkh_xUifk5dBE"
        ],
        "neighbor": {
            "0.0": {
                "8": 2.200000000000003
            },
            "2.0": {
                "8": 2.200000000000003
            }
        }
    },
    "8": {
        "type": "st",
        "storey": [
            0.0,
            2.0
        ],
        "location": [
            [
                -8.7587,
                -9.1699
            ],
            [
                -8.7587,
                10.2838
            ]
        ],
        "ids": [
            "1uojon9L51$vPQiBW8WJRB",
            "2A6dwRkFnCkh_xUifk5ctb"
        ],
        "neighbor": {
            "0.0": {
                "7": -2.200000000000003,
                "5": 1.3442999999999987
            },
            "2.0": {
                "7": -2.200000000000003,
                "5": 1.3442999999999987
            }
        }
    },
    "9": {
        "type": "st",
        "storey": [
            0.0,
            2.0
        ],
        "location": [
            [
                -4.752,
                -9.1699
            ],
            [
                -4.752,
                10.2838
            ]
        ],
        "ids": [
            "2A6dwRkFnCkh_xUifk5cy2",
            "1uojon9L51$vPQiBW8WJR9"
        ],
        "neighbor": {
            "0.0": {
                "5": -2.6624000000000008,
                "6": 6.4591
            },
            "2.0": {
                "5": -2.6624000000000008,
                "6": 6.4591
            }
        }
    },
    "10": {
        "type": "st",
        "storey": [
            0.0,
            2.0
        ],
        "location": [
            [
                -15.9587,
                5.2838
            ],
            [
                7.5071,
                5.2838
            ]
        ],
        "ids": [
            "2A6dwRkFnCkh_xUifk5d2j",
            "1uojon9L51$vPQiBW8WJR2"
        ],
        "neighbor": {
            "0.0": {
                "11": 1.4897000000000005
            },
            "2.0": {
                "11": 1.4897000000000005
            }
        }
    },
    "11": {
        "type": "st",
        "storey": [
            0.0,
            2.0
        ],
        "location": [
            [
                -15.9587,
                3.7941
            ],
            [
                7.5071,
                3.7941
            ]
        ],
        "ids": [
            "1uojon9L51$vPQiBW8WJR4",
            "2A6dwRkFnCkh_xUifk5d03"
        ],
        "neighbor": {
            "0.0": {
                "10": -1.4897000000000005,
                "1": 1.475
            },
            "2.0": {
                "10": -1.4897000000000005,
                "1": 1.475
            }
        }
    },
    "12": {
        "type": "st",
        "storey": [
            0.0,
            2.0
        ],
        "location": [
            [
                -15.9587,
                -4.1699
            ],
            [
                7.5071,
                -4.1699
            ]
        ],
        "ids": [
            "2A6dwRkFnCkh_xUifk5cnz",
            "1uojon9L51$vPQiBW8WJRA"
        ],
        "neighbor": {
            "0.0": {
                "3": -1.12
            },