{
    "1": {
        "type": "st",
        "storey": [
            2.7,
            0.0,
            5.4
        ],
        "location": [
            [
                -10.0141,
                -25.3119
            ],
            [
                -10.0141,
                29.6331
            ]
        ],
        "ids": [
            "17FvN_3er0qwjKxdArwc9s",
            "17FvN_3er0qwjKxdArwcCy",
            "17FvN_3er0qwjKxdArwcJK",
            "17FvN_3er0qwjKxdArwcJL",
            "1DXPubza9DOwJp3PCeptvo",
            "1DXPubza9DOwJp3PCepupo",
            "29LMxW6Mz8KOK8WVGzqncT",
            "29LMxW6Mz8KOK8WVGzqndT",
            "3DGRgBomTA2Bdn3PtKhZtB",
            "3DGRgBomTA2Bdn3PtKhZtK",
            "3DGRgBomTA2Bdn3PtKhyQ$",
            "3RtNNyo3v93RO_sGVZnmzQ",
            "3leHynaCfAi9MLNnXmxtye",
            "3leHynaCfAi9MLNnXmxtyi",
            "3leHynaCfAi9MLNnXmxtyk"
        ],
        "neighbor": {
            "2.7": {
                "9": -3.087299999999999,
                "18": 1.1873999999999985
            },
            "0.0": {
                "9": -3.087299999999999,
                "21": 1.1873999999999985
            },
            "5.4": {
                "9": -3.087299999999999,
                "22": 1.1873999999999985
            }
        }
    },
    "2": {
        "type": "st",
        "storey": [
            2.7,
            0.0,
            5.4
        ],
        "location": [
            [
                -21.0141,
                -2.3669
            ],
            [
                12.1933,
                -2.3669
            ]
        ],
        "ids": [
            "08V$YdccD9_w1gC$yyiORu",
            "17FvN_3er0qwjKxdArwc9s",
            "17FvN_3er0qwjKxdArwcCy",
            "1DXPubza9DOwJp3PCepuvW",
            "2fETJxbDv7XQarNCvsM$IC",
            "2fETJxbDv7XQarNCvsM$JL",
            "2y8FtJSVn6rgqycpQEX_Mp",
            "3DGRgBomTA2Bdn3PtKhYmb",
            "3DGRgBomTA2Bdn3PtKhyJK"
        ],
        "neighbor": {
            "2.7": {
                "5": -3.0873999999999997,
                "7": 3.0000000000000004
            },
            "0.0": {
                "5": -3.0873999999999997,
                "7": 3.0000000000000004
            },
            "5.4": {
                "5": -3.0873999999999997,
                "7": 3.0000000000000004
            }
        }
    },
    "3": {
        "type": "st",
        "storey": [
            2.7,
            0.0,
            5.4
        ],
        "location": [
            [
                -7.0141,
                -25.3119
            ],
            [
                -7.0141,
                29.6331
            ]
        ],
        "ids": [
            "3DGRgBomTA2Bdn3PtKhZfN",
            "3DGRgBomTA2Bdn3PtKhYdv",
            "3DGRgBomTA2Bdn3PtKhZnc",
            "3DGRgBomTA2Bdn3PtKhy47",
            "3DGRgBomTA2Bdn3PtKhyN3",
            "3DGRgBomTA2Bdn3PtKhX4_"
        ],
        "neighbor": {
            "2.7": {
                "18": -1.8126000000000007,
                "15": 6.0
            },
            "0.0": {
                "21": -1.8126000000000007,
                "15": 6.0
            },
            "5.4": {
                "22": -1.8126000000000007
            }
        }
    },
    "4": {
        "type": "st",
        "storey": [
            2.7,
            0.0,
            5.4
        ],
        "location": [
            [
                -16.0141,
                -25.3119
            ],
            [
                -16.0141,
                29.6331
            ]
        ],
        "ids": [
            "1DXPubza9DOwJp3PCept61",
            "1DXPubza9DOwJp3PCepuvW",
            "1DXPubza9DOwJp3PCepuw3",
            "3DGRgBomTA2Bdn3PtKhZ09",
            "3DGRgBomTA2Bdn3PtKhYd$"
        ],
        "neighbor": {
            "2.7": {
                "9": 2.912700000000001
            },
            "0.0": {
                "9": 2.912700000000001
            },
            "5.4": {
                "9": 2.912700000000001
            }
        }
    },
    "5": {
        "type": "st",
        "storey": [
            2.7,
            0.0,
            5.4
        ],
        "location": [
            [
                -21.0141,
                0.7205
            ],
            [
                12.1933,
                0.7205
            ]
        ],
        "ids": [
            "3DGRgBomTA2Bdn3PtKhYdw",
            "3DGRgBomTA2Bdn3PtKhYd_",
            "3DGRgBomTA2Bdn3PtKhy5W",
            "3DGRgBomTA2Bdn3PtKhZb2",
            "3DGRgBomTA2Bdn3PtKhZ7I"
        ],
        "neighbor": {
            "2.7": {
                "6": -5.900099999999999,
                "2": 3.0873999999999997
            },
            "0.0": {
                "6": -5.900099999999999,
                "2": 3.0873999999999997
            },
            "5.4": {
                "6": -5.900099999999999,
                "2": 3.0873999999999997
            }
        }
    },
    "6": {
        "type": "st",
        "storey": [
            2.7,
            0.0,
            5.4
        ],
        "location": [
            [
                -21.0141,
                6.6206
            ],
            [
                12.1933,
                6.6206
            ]
        ],
        "ids": [
            "1IqWtxh2n7Vgwmhdg12jOO",
            "3RtNNyo3v93RO_sGVZnn7w",
            "3RtNNyo3v93RO_sGVZnn6L"
        ],
        "neighbor": {
            "2.7": {
                "8": -12.0,
                "5": 5.900099999999999
            },
            "0.0": {
                "8": -12.0,
                "5": 5.900099999999999
            },
            "5.4": {
                "8": -12.0,
                "5": 5.900099999999999
            }
        }
    },
    "7": {
        "type": "st",
        "storey": [
            2.7,
            0.0,
            5.4
        ],
        "location": [
            [
                -21.0141,
                -5.3669
            ],
            [
                12.1933,
                -5.3669
            ]
        ],
        "ids": [
            "3DGRgBomTA2Bdn3PtKhZ33",
            "3DGRgBomTA2Bdn3PtKhy36",
            "3DGRgBomTA2Bdn3PtKhYdu"
        ],
        "neighbor": {
            "2.7": {
                "2": -3.0000000000000004,
                "17": 1.5924999999999994
            },
            "0.0": {
                "2": -3.0000000000000004,
                "19": 1.5924999999999994
            },
            "5.4": {
                "2": -3.0000000000000004
            }
        }
    },
    "8": {
        "type": "st",
        "storey": [
            2.7,
            0.0,
            5.4
        ],
        "location": [
            [
                -21.0141,
                18.6206
            ],
            [
                12.1933,
                18.6206
            ]
        ],
        "ids": [
            "3RtNNyo3v93RO_sGVZnmv1",
            "3RtNNyo3v93RO_sGVZnm_c",
            "3RtNNyo3v93RO_sGVZnmy4"
        ],
        "neighbor": {
            "2.7": {
                "12": -6.012499999999999,
                "6": 12.0
            },
            "0.0": {
                "12": -6.012499999999999,
                "6": 12.0
            },
            "5.4": {
                "6": 12.0
            }
        }
    },
    "9": {
        "type": "st",
        "storey": [
            2.7,
            0.0,
            5.4
        ],
        "location": [
            [
                -13.1014,
                -25.3119
            ],
            [
                -13.1014,
                29.6331
            ]
        ],
        "ids": [
            "3DGRgBomTA2Bdn3PtKhyTP",
            "3DGRgBomTA2Bdn3PtKhXfq",
            "3DGRgBomTA2Bdn3PtKhZ5c"
        ],
        "neighbor": {
            "2.7": {
                "4": -2.912700000000001,
                "1": 3.087299999999999
            },
            "0.0": {
                "4": -2.912700000000001,
                "1": 3.087299999999999
            },