{
    "1": {
        "type": "st",
        "storey": [
            2.7,
            0.0,
            5.4
        ],
        "location": [
            [
                -10.0141,
                -22.8463
            ],
            [
                -10.0141,
                29.6331
            ]
        ],
        "ids": [
            "17FvN_3er0qwjKxdArwc9s",
            "17FvN_3er0qwjKxdArwcCy",
            "17FvN_3er0qwjKxdArwcJK",
            "17FvN_3er0qwjKxdArwcJL",
            "1DXPubza9DOwJp3PCeptvo",
            "1DXPubza9DOwJp3PCepupo",
            "29LMxW6Mz8KOK8WVGzqncT",
            "29LMxW6Mz8KOK8WVGzqndT",
            "3DGRgBomTA2Bdn3PtKhZtB",
            "3DGRgBomTA2Bdn3PtKhZtK",
            "3DGRgBomTA2Bdn3PtKhyQ$",
            "3leHynaCfAi9MLNnXmxtye",
            "3leHynaCfAi9MLNnXmxtyi",
            "3leHynaCfAi9MLNnXmxtyk"
        ],
        "neighbor": {
            "2.7": {
                "6": -3.087300000000001,
                "14": 1.1873999999999985
            },
            "0.0": {
                "6": -3.087300000000001,
                "17": 1.1873999999999985
            },
            "5.4": {
                "6": -3.087300000000001,
                "18": 1.1873999999999985
            }
        }
    },
    "2": {
        "type": "st",
        "storey": [
            2.7,
            0.0,
            5.4
        ],
        "location": [
            [
                -21.0141,
                -2.3669
            ],
            [
                12.833,
                -2.3669
            ]
        ],
        "ids": [
            "08V$YdccD9_w1gC$yyiORu",
            "17FvN_3er0qwjKxdArwc9s",
            "17FvN_3er0qwjKxdArwcCy",
            "1DXPubza9DOwJp3PCepuvW",
            "2fETJxbDv7XQarNCvsM$IC",
            "2fETJxbDv7XQarNCvsM$JL",
            "2y8FtJSVn6rgqycpQEX_Mp",
            "3DGRgBomTA2Bdn3PtKhYmb",
            "3DGRgBomTA2Bdn3PtKhyJK"
        ],
        "neighbor": {
            "2.7": {
                "5": -3.0,
                "7": 3.0000000000000013
            },
            "0.0": {
                "5": -3.0,
                "7": 3.0000000000000013
            },
            "5.4": {
                "5": -3.0,
                "7": 3.0000000000000013
            }
        }
    },
    "3": {
        "type": "st",
        "storey": [
            2.7,
            0.0,
            5.4
        ],
        "location": [
            [
                -7.0141,
                -22.8463
            ],
            [
                -7.0141,
                29.6331
            ]
        ],
        "ids": [
            "3DGRgBomTA2Bdn3PtKhZfN",
            "3DGRgBomTA2Bdn3PtKhyN3",
            "3DGRgBomTA2Bdn3PtKhX4_",
            "3DGRgBomTA2Bdn3PtKhZnc",
            "3DGRgBomTA2Bdn3PtKhYdv",
            "3DGRgBomTA2Bdn3PtKhy47"
        ],
        "neighbor": {
            "2.7": {
                "14": -1.8125999999999998,
                "11": 6.000000000000001
            },
            "0.0": {
                "17": -1.8125999999999998,
                "11": 6.000000000000001
            },
            "5.4": {
                "18": -1.8125999999999998
            }
        }
    },
    "4": {
        "type": "st",
        "storey": [
            2.7,
            0.0,
            5.4
        ],
        "location": [
            [
                -16.0141,
                -22.8463
            ],
            [
                -16.0141,
                29.6331
            ]
        ],
        "ids": [
            "1DXPubza9DOwJp3PCept61",
            "1DXPubza9DOwJp3PCepuvW",
            "1DXPubza9DOwJp3PCepuw3",
            "3DGRgBomTA2Bdn3PtKhYd$",
            "3DGRgBomTA2Bdn3PtKhZ09"
        ],
        "neighbor": {
            "2.7": {
                "6": 2.912699999999999
            },
            "0.0": {
                "6": 2.912699999999999
            },
            "5.4": {
                "6": 2.912699999999999
            }
        }
    },
    "5": {
        "type": "st",
        "storey": [
            2.7,
            0.0,
            5.4
        ],
        "location": [
            [
                -21.0141,
                0.6331
            ],
            [
                12.833,
                0.6331
            ]
        ],
        "ids": [
            "3DGRgBomTA2Bdn3PtKhy5W",
            "3DGRgBomTA2Bdn3PtKhYd_",
            "3DGRgBomTA2Bdn3PtKhZb2",
            "3DGRgBomTA2Bdn3PtKhZ7I",
            "3DGRgBomTA2Bdn3PtKhYdw"
        ],
        "neighbor": {
            "2.7": {
                "9": -24.000000000000004,
                "2": 3.0
            },
            "0.0": {
                "9": -24.000000000000004,
                "2": 3.0
            },
            "5.4": {
                "2": 3.0
            }
        }
    },
    "6": {
        "type": "st",
        "storey": [
            2.7,
            0.0,
            5.4
        ],
        "location": [
            [
                -13.1014,
                -22.8463
            ],
            [
                -13.1014,
                29.6331
            ]
        ],
        "ids": [
            "3DGRgBomTA2Bdn3PtKhyTP",
            "3DGRgBomTA2Bdn3PtKhXfq",
            "3DGRgBomTA2Bdn3PtKhZ5c"
        ],
        "neighbor": {
            "2.7": {
                "4": -2.912699999999999,
                "1": 3.087300000000001
            },
            "0.0": {
                "4": -2.912699999999999,
                "1": 3.087300000000001
            },
            "5.4": {
                "4": -2.912699999999999,
                "1": 3.087300000000001
            }
        }
    },
    "7": {
        "type": "st",
        "storey": [
            2.7,
            0.0,
            5.4
        ],
        "location": [
            [
                -21.0141,
                -5.3669
            ],
            [
                12.833,
                -5.3669
            ]
        ],
        "ids": [
            "3DGRgBomTA2Bdn3PtKhYdu",
            "3DGRgBomTA2Bdn3PtKhy36",
            "3DGRgBomTA2Bdn3PtKhZ33"
        ],
        "neighbor": {
            "2.7": {
                "2": -3.0000000000000013,
                "13": 1.5924999999999994
            },
            "0.0": {
                "2": -3.0000000000000013,
                "15": 1.5924999999999994
            },
            "5.4": {
                "2": -3.0000000000000013
            }
        }
    },
    "8": {
        "type": "st",
        "storey": [
            2.7,
            0.0
        ],
        "location": [
            [
                1.9859,
                -22.8463
            ],
            [
                1.9859,
                29.6331
            ]
        ],
        "ids": [
            "1IqWtxh2n7Vgwmhdg12gaX",
            "29LMxW6Mz8KOK8WVGzqnWT",
            "29LMxW6Mz8KOK8WVGzqnXZ",
            "29LMxW6Mz8KOK8WVGzqnYn",
            "2y8FtJSVn6rgqycpQEX_Kp",
            "2y8FtJSVn6rgqycpQEX_Mp",
            "3DGRgBomTA2Bdn3PtKhXew",
            "3DGRgBomTA2Bdn3PtKhZvG",
            "3DGRgBomTA2Bdn3PtKhyJK"
        ],
        "neighbor": {
            "2.7": {
                "11": -3.0,
                "10": 3.12
            },
            "0.0": {
                "11": -3.0,
                "16": 2.5073999999999996
            }
        }
    },
    "9": {
        "type": "st",
        "storey": [
            2.7,
            0.0
        ],
        "location": [
            [
                -21.0141,
                24.6331
            ],
            [
                12.833,
                24.6331
            ]
        ],
        "ids": [
            "1DXPubza9DOwJp3PCeps6W",
            "1DXPubza9DOwJp3PCept$_",
            "1DXPubza9DOwJp3PCeptvo",
            "1DXPubza9DOwJp3PCepupo",
            "1DXPubza9DOwJp3PCepurz",
            "1DXPubza9DOwJp3PCepus$"
        ],
        "neighbor": {
            "2.7": {
                "5": 24.000000000000004
            },