{
    "1": {
        "type": "st",
        "storey": [
            0.0,
            3.8,
            7.6,
            11.4,
            15.2
        ],
        "location": [
            [
                16.978,
                -78.2236
            ],
            [
                82.128,
                -78.2236
            ]
        ],
        "ids": [
            "1Aj2DJvx5AGuSzsvKVBNeq",
            "2to_VA1zP6HQ6YRQEKB4RY",
            "1Aj2DJvx5AGuSzsvKVBNcG",
            "2_CC3svzHFe9uF7WVMUcWJ",
            "3U9XhJOhXCjfCGd0Tb0wJt",
            "2to_VA1zP6HQ6YRQEKB4Bc",
            "2to_VA1zP6HQ6YRQEKB4Bd",
            "2to_VA1zP6HQ6YRQEKBAi2",
            "3U9XhJOhXCjfCGd0Tb0wIS",
            "2to_VA1zP6HQ6YRQEKBAhd",
            "2to_VA1zP6HQ6YRQEKB4CX",
            "2to_VA1zP6HQ6YRQEKB4SS",
            "2to_VA1zP6HQ6YRQEKBAha",
            "2to_VA1zP6HQ6YRQEKB4RT",
            "3U9XhJOhXCjfCGd0Tb0wJm"
        ],
        "neighbor": {
            "0.0": {
                "12": -9.348700000000022
            },
            "3.8": {
                "12": -9.348700000000022
            },
            "7.6": {
                "12": -9.348700000000022
            },
            "11.4": {
                "12": -9.348700000000022
            },
            "15.2": {
                "2": -65.17370000000001
            }
        }
    },
    "2": {
        "type": "st",
        "storey": [
            0.0,
            3.8,
            7.6,
            11.4,
            15.2
        ],
        "location": [
            [
                16.978,
                -13.0499
            ],
            [
                82.128,
                -13.0499
            ]
        ],
        "ids": [
            "2to_VA1zP6HQ6YRQEKB4P0",
            "3rmIUJNlbB18JIqvcE8gkg",
            "2to_VA1zP6HQ6YRQEKBAec",
            "2to_VA1zP6HQ6YRQEKB495",
            "3U9XhJOhXCjfCGd0Tb0wJE"
        ],
        "neighbor": {
            "0.0": {
                "6": 9.325
            },
            "3.8": {
                "6": 9.325
            },
            "7.6": {
                "6": 9.325
            },
            "11.4": {
                "6": 9.325
            },
            "15.2": {
                "1": 65.17370000000001
            }
        }
    },
    "3": {
        "type": "st",
        "storey": [
            0.0,
            3.8,
            7.6,
            11.4,
            15.2
        ],
        "location": [
            [
                77.128,
                -83.2236
            ],
            [
                77.128,
                -8.0499
            ]
        ],
        "ids": [
            "3rmIUJNlbB18JIqvcE8gJ0",
            "2to_VA1zP6HQ6YRQEKB4OC",
            "2to_VA1zP6HQ6YRQEKBAlo",
            "2to_VA1zP6HQ6YRQEKB48H",
            "3U9XhJOhXCjfCGd0Tb0wI2"
        ],
        "neighbor": {
            "0.0": {
                "10": -7.575000000000017
            },
            "3.8": {
                "10": -7.575000000000017
            },
            "7.6": {
                "10": -7.575000000000017
            },
            "11.4": {
                "10": -7.575000000000017
            },
            "15.2": {
                "4": -55.150000000000006
            }
        }
    },
    "4": {
        "type": "st",
        "storey": [
            0.0,
            3.8,
            7.6,
            11.4,
            15.2
        ],
        "location": [
            [
                21.978,
                -83.2236
            ],
            [
                21.978,
                -8.0499
            ]
        ],
        "ids": [
            "2_CC3svzHFe9uF7WVMUcWK",
            "3U9XhJOhXCjfCGd0Tb0wHZ",
            "2to_VA1zP6HQ6YRQEKB4CW",
            "2to_VA1zP6HQ6YRQEKBAZz",
            "2to_VA1zP6HQ6YRQEKB4SV"
        ],
        "neighbor": {
            "0.0": {
                "5": 7.575000000000003
            },
            "3.8": {
                "5": 7.575000000000003
            },
            "7.6": {
                "5": 7.575000000000003
            },
            "11.4": {
                "5": 7.575000000000003
            },
            "15.2": {
                "3": 55.150000000000006
            }
        }
    },
    "5": {
        "type": "st",
        "storey": [
            0.0,
            3.8,
            7.6,
            11.4
        ],
        "location": [
            [
                29.553,
                -83.2236
            ],
            [
                29.553,
                -8.0499
            ]
        ],
        "ids": [
            "2to_VA1zP6HQ6YRQEKB4Cc",
            "2to_VA1zP6HQ6YRQEKB4FH",
            "2to_VA1zP6HQ6YRQEKB4FJ",
            "2to_VA1zP6HQ6YRQEKB4Ff",
            "2to_VA1zP6HQ6YRQEKB4Fh",
            "2to_VA1zP6HQ6YRQEKB4Fl",
            "2to_VA1zP6HQ6YRQEKB4ST",
            "2to_VA1zP6HQ6YRQEKB4VC",
            "2to_VA1zP6HQ6YRQEKB4VE",
            "2to_VA1zP6HQ6YRQEKB4Va",
            "2to_VA1zP6HQ6YRQEKB4Vc",
            "2to_VA1zP6HQ6YRQEKB4Vg",
            "2to_VA1zP6HQ6YRQEKBAi3",
            "2to_VA1zP6HQ6YRQEKBAki",
            "2to_VA1zP6HQ6YRQEKBAko",
            "2to_VA1zP6HQ6YRQEKBAl4",
            "2to_VA1zP6HQ6YRQEKBAl8",
            "2to_VA1zP6HQ6YRQEKBAlA",
            "3fwx0wLOzFzuZ8pPrGYWCk",
            "3fwx0wLOzFzuZ8pPrGYWCs",
            "3fwx0wLOzFzuZ8pPrGYWCx",
            "3fwx0wLOzFzuZ8pPrGYWE7",
            "3fwx0wLOzFzuZ8pPrGYWEG",
            "3fwx0wLOzFzuZ8pPrGYZMs",
            "1Aj2DJvx5AGuSzsvKVBLro",
            "3rmIUJNlbB18JIqvcE8hRn",
            "1Aj2DJvx5AGuSzsvKVBLk2",
            "2to_VA1zP6HQ6YRQEKBAt5",
            "2to_VA1zP6HQ6YRQEKBAf5",
            "2to_VA1zP6HQ6YRQEKBAt8",
            "2to_VA1zP6HQ6YRQEKB4MQ",
            "2to_VA1zP6HQ6YRQEKB49e",
            "2to_VA1zP6HQ6YRQEKB4MP",
            "2to_VA1zP6HQ6YRQEKB7cK",
            "2to_VA1zP6HQ6YRQEKB4Pd",
            "2to_VA1zP6HQ6YRQEKB7cH"
        ],
        "neighbor": {
            "0.0": {
                "4": -7.575000000000003,
                "7": 7.4999999999999964
            },
            "3.8": {
                "4": -7.575000000000003,
                "7": 7.4999999999999964
            },
            "7.6": {
                "4": -7.575000000000003,
                "7": 7.4999999999999964
            },
            "11.4": {
                "4": -7.575000000000003,
                "7": 7.4999999999999964
            }
        }
    },
    "6": {
        "type": "st",
        "storey": [
            0.0,
            3.8,
            7.6,
            11.4
        ],
        "location": [
            [
                16.978,
                -22.3749
            ],
            [
                82.128,
                -22.3749
            ]
        ],