{
    "1": {
        "type": "st",
        "storey": [
            0.0,
            3.7,
            11.1,
            7.4
        ],
        "location": [
            [
                -11.0141,
                -30.2468
            ],
            [
                -11.0141,
                27.7531
            ]
        ],
        "ids": [
            "0qyx1ksOX0R9o58hNvCU1N",
            "0qyx1ksOX0R9o58hNvCV45",
            "0qyx1ksOX0R9o58hNvCVCk",
            "0qyx1ksOX0R9o58hNvCVVH",
            "0qyx1ksOX0R9o58hNvCVhI",
            "0qyx1ksOX0R9o58hNvCVrn",
            "0qyx1ksOX0R9o58hNvCVwS",
            "15RPyh_vTCtuVbF2_LQv4A",
            "3wTVgGaqX8jOlQM3NWFQ1K",
            "02wW88YnP0TBhPLoljrYyU",
            "0oDtOQF5n1bRIUmP6Jqi6S",
            "02wW88YnP0TBhPLoljrZWM",
            "3k29K2vEr0TBMzD6j79MP1",
            "1rt51j7jz0q8zzEGXshUFF",
            "2zMQ3CC910c9V7q4tv6Int",
            "2zMQ3CC910c9V7q4tv6Inn",
            "2zMQ3CC910c9V7q4tv6InI",
            "2zMQ3CC910c9V7q4tv6Ini"
        ],
        "neighbor": {
            "0.0": {
                "13": -4.0,
                "15": 6.000000000000001
            },
            "3.7": {
                "6": 12.000000000000002
            },
            "11.1": {
                "6": 12.000000000000002
            },
            "7.4": {
                "6": 12.000000000000002
            }
        }
    },
    "2": {
        "type": "st",
        "storey": [
            0.0,
            3.7,
            11.1,
            7.4
        ],
        "location": [
            [
                -29.014,
                -6.2469
            ],
            [
                31.9859,
                -6.2469
            ]
        ],
        "ids": [
            "0qyx1ksOX0R9o58hNvCV8e",
            "0qyx1ksOX0R9o58hNvCVQf",
            "0qyx1ksOX0R9o58hNvCVmF",
            "0qyx1ksOX0R9o58hNvCVrn",
            "15RPyh_vTCtuVbF2_LQvE7",
            "1rt51j7jz0q8zzEGXsh1zU",
            "3wTVgGaqX8jOlQM3NWFP8a",
            "3wTVgGaqX8jOlQM3NWFP93",
            "3wTVgGaqX8jOlQM3NWFRV7",
            "0oDtOQF5n1bRIUmP6JqltP",
            "02wW88YnP0TBhPLoljrZRL",
            "1rt51j7jz0q8zzEGXsh1Di",
            "1rt51j7jz0q8zzEGXshU1O",
            "2zMQ3CC910c9V7q4tv6Inr",
            "2zMQ3CC910c9V7q4tv6InX",
            "2zMQ3CC910c9V7q4tv6InG",
            "2zMQ3CC910c9V7q4tv6InS"
        ],
        "neighbor": {
            "0.0": {
                "14": -6.0,
                "12": 6.0
            },
            "3.7": {
                "4": -12.0,
                "3": 10.0
            },
            "11.1": {
                "4": -12.0,
                "3": 10.0
            },
            "7.4": {
                "4": -12.0,
                "3": 10.0
            }
        }
    },
    "3": {
        "type": "st",
        "storey": [
            0.0,
            3.7,
            11.1,
            7.4
        ],
        "location": [
            [
                -29.014,
                -16.2469
            ],
            [
                31.9859,
                -16.2469
            ]
        ],
        "ids": [
            "0qyx1ksOX0R9o58hNvCVGW",
            "0qyx1ksOX0R9o58hNvCVKU",
            "0qyx1ksOX0R9o58hNvCVMN",
            "0qyx1ksOX0R9o58hNvCVOS",
            "0qyx1ksOX0R9o58hNvCVSY",
            "0qyx1ksOX0R9o58hNvCVTr",
            "0qyx1ksOX0R9o58hNvCVVH",
            "15RPyh_vTCtuVbF2_LQvAF",
            "3wTVgGaqX8jOlQM3NWFRDn",
            "0oDtOQF5n1bRIUmP6JqiNH",
            "0oDtOQF5n1bRIUmP6Jqi50",
            "1rt51j7jz0q8zzEGXsh162",
            "1rt51j7jz0q8zzEGXshUqo",
            "2zMQ3CC910c9V7q4tv6Inv",
            "2zMQ3CC910c9V7q4tv6In$",
            "2zMQ3CC910c9V7q4tv6InQ",
            "2zMQ3CC910c9V7q4tv6InK"
        ],
        "neighbor": {
            "0.0": {
                "12": -4.0
            },
            "3.7": {
                "2": -10.0
            },
            "11.1": {
                "2": -10.0
            },
            "7.4": {
                "2": -10.0
            }
        }
    },
    "4": {
        "type": "st",
        "storey": [
            0.0,
            3.7,
            11.1,
            7.4
        ],
        "location": [
            [
                -29.014,
                5.7531
            ],
            [
                31.9859,
                5.7531
            ]
        ],
        "ids": [
            "0qyx1ksOX0R9o58hNvCGaH",
            "0qyx1ksOX0R9o58hNvCGh3",
            "0qyx1ksOX0R9o58hNvCV_U",
            "0qyx1ksOX0R9o58hNvCVcH",
            "0qyx1ksOX0R9o58hNvCVwS",
            "0qyx1ksOX0R9o58hNvCVy2",
            "0qyx1ksOX0R9o58hNvCVzJ",
            "15RPyh_vTCtuVbF2_LQ_pZ",
            "0oDtOQF5n1bRIUmP6Jqlg_",
            "02wW88YnP0TBhPLoljrZcw",
            "1rt51j7jz0q8zzEGXshUQ_",
            "1rt51j7jz0q8zzEGXsh1co",
            "2zMQ3CC910c9V7q4tv6Inp",
            "2zMQ3CC910c9V7q4tv6InY",
            "2zMQ3CC910c9V7q4tv6Ink",
            "2zMQ3CC910c9V7q4tv6InT"
        ],
        "neighbor": {
            "0.0": {
                "14": 6.000000000000001
            },
            "3.7": {
                "18": -7.999999999999999,
                "2": 12.0
            },
            "11.1": {
                "19": -7.999999999999999,
                "2": 12.0
            },
            "7.4": {
                "21": -7.999999999999999,
                "2": 12.0
            }
        }
    },
    "5": {
        "type": "st",
        "storey": [
            0.0,
            3.7,
            11.1,
            7.4
        ],
        "location": [
            [
                10.9859,
                -30.2468
            ],
            [
                10.9859,
                27.7531
            ]
        ],
        "ids": [
            "0qyx1ksOX0R9o58hNvCGXS",
            "0qyx1ksOX0R9o58hNvCGaH",
            "0qyx1ksOX0R9o58hNvCV5n",
            "0qyx1ksOX0R9o58hNvCV8e",
            "0qyx1ksOX0R9o58hNvCV9d",
            "0qyx1ksOX0R9o58hNvCVAr",
            "3wTVgGaqX8jOlQM3NWFQ$9",
            "2tQ6Ez36P6sf1JmY0J8YrE",
            "02wW88YnP0TBhPLoljrZRY",
            "1rt51j7jz0q8zzEGXsh1lS",
            "1rt51j7jz0q8zzEGXsh1Vu",
            "2zMQ3CC910c9V7q4tv6Ina",
            "2zMQ3CC910c9V7q4tv6In_",
            "2zMQ3CC910c9V7q4tv6InV",
            "2zMQ3CC910c9V7q4tv6InP"
        ],
        "neighbor": {
            "0.0": {
                "7": -4.000000000000002,
                "16": 7.1
            },
            "3.7": {
                "7": -4.000000000000002,
                "17": 3.9999999999999982
            },
            "11.1": {
                "7": -4.000000000000002,
                "20": 3.9999999999999982
            },
            "7.4": {
                "7": -4.000000000000002,
                "22": 3.9999999999999982
            }
        }
    },
    "6": {
        "type": "st",
        "storey": [
            0.0,
            3.7,
            11.1,
            7.4
        ],
        "location": [
            [
                0.9859,
                -30.2468
            ],
            [
                0.9859,
                27.7531
            ]
        ],
        "ids": [
            "0qyx1ksOX0R9o58hNvCGjU",
            "0qyx1ksOX0R9o58hNvCGw4",
            "0qyx1ksOX0R9o58hNvCVTr",
            "0qyx1ksOX0R9o58hNvCVnd",
            "0qyx1ksOX0R9o58hNvCVy2",
            "3wTVgGaqX8jOlQM3NWFP7C",
            "3wTVgGaqX8jOlQM3NWFP8a",
            "3wTVgGaqX8jOlQM3NWFRkE",
            "3k29K2vEr0TBMzD6j79MTF",
            "1rt51j7jz0q8zzEGXshUAT",
            "2zMQ3CC910c9V7q4tv6Inu",
            "2zMQ3CC910c9V7q4tv6ImF",
            "2zMQ3CC910c9V7q4tv6Ing",
            "2zMQ3CC910c9V7q4tv6InJ"
        ],
        "neighbor": {
            "0.0": {
                "15": -6.0,
                "7": 6.000000000000001
            },
            "3.7": {
                "1": -12.000000000000002,
                "7": 6.000000000000001
            },